[{
  "name": "Software Testing",
  "privacy": "OPEN",
  "id": "130755217005213"
}, {
  "name": "JOB OPENINGS INDIA",
  "privacy": "OPEN",
  "id": "223564714461473"
}, {
  "name": "WalkinsIndia - Walkins for Freshers / Experienced Jobs in India",
  "privacy": "OPEN",
  "id": "335858483267277"
}, {
  "name": "Indian Job Seekers",
  "privacy": "CLOSED",
  "id": "1452736965037927"
}, {
  "name": "Software Jobs in Bangalore",
  "privacy": "CLOSED",
  "id": "732374166809384"
}, {
  "name": "INDIAN JOB SEEKERS",
  "privacy": "OPEN",
  "id": "235072333285509"
}, {
  "name": "World Recruiters & Job Seekers Group",
  "privacy": "OPEN",
  "id": "1497546523836162"
}, {
  "name": "jobs in IT for php , .net, ios, java [fresher, Experience]",
  "privacy": "CLOSED",
  "id": "759867907465507"
}, {
  "name": "Software Jobs",
  "privacy": "OPEN",
  "id": "323874041022557"
}, {
  "name": "Education Knowledge alerts & Job Seekers Group",
  "privacy": "OPEN",
  "id": "199085906826060"
}, {
  "name": "Software Jobs in Bangalore",
  "privacy": "CLOSED",
  "id": "225684050897211"
}, {
  "name": "WALKIN JOBS IN BANGALORE",
  "privacy": "OPEN",
  "id": "952658201412723"
}, {
  "name": "Java Jobs",
  "privacy": "OPEN",
  "id": "116110018435228"
}, {
  "name": "Walkins",
  "privacy": "OPEN",
  "id": "1607007836218089"
}, {
  "name": "Career  Job Openings for Software-IT",
  "privacy": "OPEN",
  "id": "1645742142374883"
}, {
  "name": "JAVA JOBS",
  "privacy": "CLOSED",
  "id": "366046840097496"
}, {
  "name": "JOB SEEKERS NET WORK",
  "privacy": "OPEN",
  "id": "164044763614794"
}, {
  "name": "IT Software Jobs In Mumbai, India",
  "privacy": "OPEN",
  "id": "212749808907033"
}, {
  "name": "Software Jobs",
  "privacy": "CLOSED",
  "id": "842917305776540"
}, {
  "name": "Indian Jobs (India's NO.1 Job seekers Group)",
  "privacy": "OPEN",
  "id": "263161643787218"
}, {
  "name": "JAVA JOBS ALL OVER INDIA",
  "privacy": "OPEN",
  "id": "706275466076220"
}, {
  "name": "Hyderabad Walkins",
  "privacy": "OPEN",
  "id": "364788320294274"
}, {
  "name": "Job Openings In India",
  "privacy": "OPEN",
  "id": "404008239612896"
}, {
  "name": "MNC Jobs & Openings",
  "privacy": "OPEN",
  "id": "1409931559242585"
}, {
  "name": "Career Opportunity",
  "privacy": "CLOSED",
  "id": "172002303509"
}, {
  "name": "Software Testing Job  seekers. ( both Freshers and Experienced )",
  "privacy": "OPEN",
  "id": "1618981084999214"
},
{
  "name": "JOB OPENINGS - HELP FOR FRESHERS",
  "privacy": "OPEN",
  "id": "206234666106416"
},
{
  "name": "Job Offers",
  "privacy": "OPEN",
  "id": "832747983440761"
},
{
  "name": "Job Oppurtunity",
  "privacy": "OPEN",
  "id": "124037764436702"
},
{
  "name": "Pune Job openings (Freshers & Experienced)",
  "privacy": "OPEN",
  "id": "406515869554283"
},
{
 "name": "Peeljobs for Jobseekers",
 "privacy": "CLOSED",
 "id": "258866904535639"
}
]

